"NUMER STACJI","DOSTĘPNE ROWERY",WSPÓŁRZĘDNE,"LICZBA STOJAKÓW","NUMERY DOSTĘPNYCH ROWERÓW"
11001,0,"54.381206488333, 18.605451056667",9,
11002,1,"54.374549665, 18.627224058333",5,98614
11003,0,"54.389476115, 18.59372332",9,
11004,0,"54.391271795, 18.577789818333",9,
11005,0,"54.40189596, 18.576254213333",9,
11006,0,"54.410990008333, 18.572524513333",9,
11007,0,"54.420810203333, 18.570160356667",9,
11008,1,"54.364952325, 18.57296017",5,98581
11009,0,"54.353327426667, 18.549555775",5,
11010,0,"54.355335863333, 18.528275468333",9,
11011,0,"54.356310783333, 18.64304021",6,
11012,0,"54.34760275, 18.644479018333",8,
11013,0,"54.322749656667, 18.605021673333",0,
11014,1,"54.382555871667, 18.467118086667",9,98642
11015,0,"54.373991863333, 18.506169586667",0,
11016,0,"54.355545936667, 18.645126561667",9,
11017,1,"54.377202241667, 18.571772325",9,99092
11018,0,"54.401087513333, 18.671520888333",5,
11019,1,"54.399430318333, 18.669306921667",5,600071
11020,2,"54.403036866667, 18.655352961667",5,"600144,600091"
11021,1,"54.400320858333, 18.661380451667",5,98368
11022,0,"54.405044698333, 18.643707285",5,
11023,2,"54.406698251667, 18.638499785",5,"98586,98964"
11024,1,"54.403013508333, 18.639353953333",5,99164
11025,1,"54.404176093333, 18.633219315",5,99168
11026,0,"54.35035993, 18.648269625",0,
11027,0,"54.377892123333, 18.60722541",5,
11029,0,"54.406339775, 18.631941601667",5,
11030,1,"54.40409936, 18.628376563333",5,99047
11031,0,"54.40806313, 18.627249458333",5,
11032,1,"54.40461, 18.624758",5,98979
11033,3,"54.411190568333, 18.62899765",5,"98483,99201,99146"
11034,0,"54.408102876667, 18.589788405",5,
11035,2,"54.404469511667, 18.612293803333",5,"99010,600354"
11036,0,"54.388868475, 18.64951413",9,
11037,0,"54.404236221667, 18.592152215",5,98012
11038,3,"54.40250535, 18.610815748333",5,"98741,98122,99169"
11039,0,"54.409203241667, 18.597614933333",9,
11040,0,"54.397173501667, 18.596892831667",9,
11041,0,"54.399339581667, 18.607312858333",5,
11042,1,"54.405475036667, 18.599633106667",5,98429
11043,0,"54.415008941667, 18.601156863333",5,
11044,2,"54.413397611667, 18.623681341667",5,"98212,99037"
11045,0,"54.407060003333, 18.589038235",5,
11046,1,"54.407433568333, 18.610112315",5,98617
11047,0,"54.402098661667, 18.59146372",9,
11048,1,"54.40764216, 18.614809228333",9,99031
11049,1,"54.396696745, 18.611912753333",5,98677
11050,1,"54.39547296, 18.603285878333",5,600192
11051,0,"54.388194971667, 18.617052265",5,
11052,2,"54.391456701667, 18.617009266667",5,"98719,99192"
11053,0,"54.385793313333, 18.616490498333",5,
11054,0,"54.38329625, 18.622345495",5,
11055,0,"54.388131998333, 18.622768745",9,
11056,0,"54.382330403333, 18.637924766667",5,
11057,1,"54.387023245, 18.628784993333",5,99051
11058,4,"54.356936415, 18.660539533333",9,"98655,98584,98526,99118"
11059,0,"54.413969413333, 18.598110675",5,
11060,1,"54.35767824, 18.650563633333",5,99082
11061,1,"54.3585624855, 18.6534895306",5,99067
11062,0,"54.375715738333, 18.626441576667",5,
11063,2,"54.37761503, 18.619235483333",9,"98108,98065"
11064,5,"54.37425064, 18.630931911667",5,"98407,98114,98028,99012,600027"
11065,0,"54.378933683333, 18.616154225",5,
11066,2,"54.353753596667, 18.657449178333",9,"98654,98365"
11067,2,"54.410916241667, 18.604153356667",5,"99024,600103"
11068,2,"54.35227649, 18.65753141",5,"98578,600333"
11069,28,"54.427946811667, 18.590389983333",9,"98702,98661,98651,98643,98566,98520,98508,98490,98417,98374,98167,98008,99159,99154,99095,99021,99004,98938,98896,98893,98845,98822,98818,98776,600378,600210,600154,600138"
11070,0,"54.352792038333, 18.654542418333",5,
11071,0,"54.416206771667, 18.596429088333",9,
11072,0,"54.351101476667, 18.653896131667",5,
11073,0,"54.421707311667, 18.601669503333",5,
11074,0,"54.350823581667, 18.655841583333",5,
11075,1,"54.424793916667, 18.595412123333",9,98356
11076,0,"54.350681503333, 18.65133952",5,
11077,1,"54.423554371667, 18.587156038333",5,98440
11078,1,"54.350018595, 18.647207186667",9,98588
11079,0,"54.420333, 18.583822",9,
11080,0,"54.351768436667, 18.65118005",9,
11081,0,"54.408953566667, 18.594068553333",5,
11082,1,"54.350198215, 18.646399463333",5,98686
11083,1,"54.404795155, 18.596948343333",5,98565
11084,8,"54.379465163333, 18.631616836667",5,"98764,98546,98442,98383,98005,99197,99189,99183"
11085,0,"54.348490568333, 18.649260785",5,
11086,2,"54.406594571667, 18.605711365",5,"600145,600021"
11087,0,"54.352508941667, 18.64926482",5,
11088,1,"54.409801186667, 18.599329853333",5,99241
11089,0,"54.350976343333, 18.648222846667",9,
11092,0,"54.40006401, 18.595389716667",5,
11093,1,"54.34825683, 18.653833835",9,98276
11095,0,"54.35323088, 18.65284699",0,
11096,0,"54.347795335, 18.65585242",0,
11091,0,"54.347666038333, 18.656661315",5,
11094,1,"54.399945848333, 18.606456648333",5,98722
11097,1,"54.347244935, 18.65350887",5,98434
11098,2,"54.405019481667, 18.604404341667",5,"98754,98348"
11099,0,"54.397096086667, 18.597838465",5,
11100,1,"54.418174711667, 18.565739446667",5,98766
11101,1,"54.42330078, 18.564404946667",5,99088
11102,0,"54.420618995, 18.56476537",9,
11103,0,"54.349052768333, 18.650846",5,
11104,2,"54.413904015, 18.56587395",5,"98329,99085"
11105,3,"54.409658055, 18.567395403333",14,"98334,98239,98850"
11106,4,"54.405277765, 18.57073546",5,"98338,98247,98084,99101"
11107,0,"54.400852203333, 18.57366572",9,
11108,1,"54.400951178333, 18.574876763333",9,99155
11109,4,"54.3764449, 18.623882618333",5,"98304,98197,99147,99144"
11110,4,"54.418436643333, 18.559763433333",5,"98662,98598,99041,98936"
11111,2,"54.415535103333, 18.557879945",5,"98059,99160"
11112,0,"54.38999577, 18.597937288333",5,
11114,1,"54.372085225, 18.625617416667",9,600229
11115,0,"54.38759, 18.61077",5,
11113,0,"54.411840566667, 18.556217003333",5,
11116,0,"54.359115298333, 18.61754702",5,
11117,0,"54.388737373333, 18.605098038333",9,
11118,0,"54.4044517, 18.564062158333",5,
11119,0,"54.383125598333, 18.614517676667",5,
11120,1,"54.389838865, 18.608766311667",9,98782
11121,1,"54.392057048333, 18.589963438333",5,98010
11123,1,"54.38153501, 18.607195966667",5,99223
11124,0,"54.390776596667, 18.596507891667",5,
11122,0,"54.383739065, 18.605989671667",5,
11125,0,"54.392109285, 18.605343028333",5,
11126,0,"54.38464757, 18.609269865",5,
11127,0,"54.396229351667, 18.58922238",9,
11128,1,"54.38633, 18.60572",5,"98694,98322"
11129,0,"54.395888256667, 18.570695455",5,
11130,0,"54.385433875, 18.569679913333",5,
11131,0,"54.386850233333, 18.578108768333",5,
11132,0,"54.381022733333, 18.61360371",5,
11133,0,"54.408894678333, 18.55540448",5,
11134,0,"54.38986578, 18.573887761667",5,
11135,0,"54.386786466667, 18.572253188333",5,
11136,0,"54.406370236667, 18.559881825",5,
11137,2,"54.372383566925, 18.620088100433",9,"98153,99096"
11138,0,"54.38977929, 18.568485205",5,
11139,1,"54.41427449, 18.57969085",5,98104
11140,1,"54.39550624, 18.56883051",9,98683
11141,0,"54.34818574, 18.606409596667",0,
11142,7,"54.3700085, 18.610584596667",5,"98610,98468,98430,98217,99196,600319,600038"
11143,0,"54.413281096667, 18.584909406667",5,
11144,1,"54.409746848333, 18.570519241667",9,98230
11145,1,"54.409567411667, 18.575694151667",5,98560
11146,0,"54.424158558333, 18.577451216667",5,
11147,0,"54.368388, 18.6299",5,
11148,3,"54.383915488333, 18.588353366667",5,"98723,98310,98820"
11149,1,"54.386373906667, 18.581464483333",5,98467
11150,2,"54.420550938333, 18.567673028333",5,"98331,98090"
11151,1,"54.37608864, 18.615286263333",5,98270
11152,4,"54.38611334, 18.5922446",9,"98656,99163,99076,99055"
11153,1,"54.38464782, 18.58185006",5,98892
11155,2,"54.389365656667, 18.587548073333",5,"98216,98029"
11156,1,"54.377089808333, 18.611034433333",0,98667
11157,0,"54.380766811667, 18.593661258333",5,
11158,0,"54.378355193333, 18.607475906667",5,
11159,1,"54.375366095, 18.614249148333",8,98587
11160,1,"54.394198901667, 18.581364166667",5,99104
11161,2,"54.380802691667, 18.588239448333",9,"98446,99097"
11162,0,"54.353555186667, 18.60772544",5,
11163,0,"54.356054143333, 18.606597761667",5,
11164,0,"54.375116103333, 18.617857888333",5,
11165,0,"54.353472611667, 18.599841526667",7,
11166,0,"54.357971821667, 18.58587573",5,
11167,0,"54.357417911667, 18.58334007",0,
11168,0,"54.354110981667, 18.595469061667",5,
11169,0,"54.356554058333, 18.619396065",5,
11170,0,"54.349269511667, 18.551116903333",5,
11171,1,"54.344316246667, 18.562708408333",5,99199
11172,1,"54.3408601, 18.561282731667",9,98982
11173,0,"54.350890196667, 18.586075436667",5,
11174,1,"54.40905129, 18.586075875",5,98846
11175,0,"54.41365133, 18.588038715",5,
11176,0,"54.411653628333, 18.587574541667",8,
11177,1,"54.413121515, 18.592506163333",9,600096
11178,0,"54.416982908333, 18.591564588333",5,
11179,0,"54.415905123333, 18.58761088",9,
11180,0,"54.404039086667, 18.590313263333",5,
11181,0,"54.404953348333, 18.585074808333",5,
11182,0,"54.402576128333, 18.581572038333",5,
11183,0,"54.40307992, 18.58678759",5,
11184,0,"54.401548221667, 18.577139586667",9,
11185,0,"54.411965973333, 18.588548908333",5,
11186,7,"54.398595338333, 18.57639103",9,"98715,98448,99057,98930,98919,98825,98807"
11187,0,"54.341592091667, 18.56602078",9,
11188,0,"54.366008535, 18.612647331667",5,
11189,2,"54.370333531667, 18.616059221667",9,"98421,98309"
11190,0,"54.355295996667, 18.577676311667",5,
11191,0,"54.349972778333, 18.566169423333",9,
11192,1,"54.374690635, 18.60539831",5,600035
11193,1,"54.379006596667, 18.588564871667",5,98645
11194,0,"54.357425183333, 18.583022035",9,
11195,0,"54.36433327, 18.58888531",5,
11196,0,"54.380085045, 18.559862873333",9,
11197,0,"54.376570891667, 18.564868558333",9,
11198,0,"54.378466658333, 18.583874355",5,
11199,1,"54.374529371667, 18.566828525",5,98550
11200,1,"54.376691851667, 18.580357136667",5,98484
11201,0,"54.379898451667, 18.602555798333",5,
11202,0,"54.366936938333, 18.54911118",5,
11203,0,"54.376672628333, 18.611270863333",5,
11204,0,"54.378506158333, 18.586930893333",5,
11205,0,"54.379066428333, 18.595220065",5,
11206,1,"54.37564604, 18.521664096667",11,98528
11207,0,"54.37969819614, 18.607261776924",5,
11208,2,"54.37852149, 18.600603306667",5,"98250,600092"
11209,1,"54.381044155, 18.605302458333",9,98384
11213,1,"54.380267348333, 18.483169713333",9,98162
11214,0,"54.428970738333, 18.478479035",5,
11215,0,"54.425441976667, 18.472786438333",9,
11216,0,"54.42434205, 18.46409131",5,98158
11217,0,"54.37187638, 18.524306788333",5,
11218,1,"54.376823771667, 18.507686535",9,98841
11219,0,"54.341604338333, 18.601724295",5,
11220,1,"54.344753753333, 18.58984894",5,98281
11221,0,"54.355664796667, 18.588039583333",5,
11222,2,"54.420798268333, 18.478760338333",5,"98500,98227"
11223,2,"54.362230001667, 18.605423828333",5,"98042,98038"
11224,0,"54.360461205, 18.58991114",5,
11225,0,"54.361783621667, 18.59381419",9,
11226,0,"54.338949253333, 18.587736975",5,
11227,0,"54.33620447, 18.598723325",9,
11228,0,"54.432290913333, 18.471329561667",5,
11229,0,"54.421280998333, 18.452205466667",0,
11230,0,"54.419110368333, 18.581578608333",9,
11231,0,"54.411231275, 18.581700475",5,
11232,1,"54.412765541667, 18.581129431667",5,99220
11233,2,"54.406318678333, 18.579610745",4,"98537,99207"
11234,0,"54.419875575, 18.581763533333",9,
11235,0,"54.412069303333, 18.576910561667",5,
11236,0,"54.416539526667, 18.572446441667",5,
11237,0,"54.408193575, 18.563189776667",5,
11238,0,"54.349161, 18.624967",5,
11239,0,"54.35148628, 18.591802718333",0,
11240,0,"54.348709391667, 18.618102211667",5,
11241,0,"54.34599877, 18.598044141667",5,
11242,2,"54.350594721667, 18.631694956667",5,"98944,600203"
11243,0,"54.351535343333, 18.636851796667",5,
11244,0,"54.342008326667, 18.578821355",5,
11245,0,"54.327153026667, 18.610811463333",5,
11246,0,"54.324743995, 18.61813576",9,
11247,0,"54.321376796667, 18.599049231667",5,
11248,0,"54.332221958333, 18.634798465",5,
11249,0,"54.324205308333, 18.61005606",9,
11250,0,"54.305041545, 18.582095451667",5,
11251,0,"54.350563305, 18.55936986",9,
11252,0,"54.338867358333, 18.564653195",5,
11253,1,"54.31628835, 18.603760753333",9,99059
11254,0,"54.404283361667, 18.576268933333",5,
11255,2,"54.355756656667, 18.492792211667",5,"98351,600254"
11256,3,"54.317452505, 18.582513028333",9,"98302,98014,98974"
11257,1,"54.349227436667, 18.590238763333",9,99194
11258,0,"54.355862283333, 18.510763626667",5,
11259,0,"54.320207133333, 18.576474853333",5,
11260,0,"54.330186488333, 18.585012045",9,
11261,1,"54.338451403333, 18.617842445",5,98691
11262,0,"54.328876796667, 18.599085901667",5,
11263,1,"54.328652535, 18.582123423333",5,
11264,0,"54.3298776, 18.593623743333",5,
11265,2,"54.325670871667, 18.583938856667",5,"98431,98161"
11266,0,"54.333695945, 18.585509283333",5,
11267,0,"54.350038901667, 18.582577471667",5,
11268,0,"54.341000481667, 18.617505848333",5,
11269,0,"54.333068791667, 18.596524525",5,
11270,0,"54.325853348333, 18.592410606667",5,
11271,1,"54.312862281667, 18.597422391667",5,98739
11272,0,"54.328833081667, 18.616731821667",5,
11273,0,"54.322953068333, 18.615050768333",5,
11274,0,"54.322637463333, 18.632191641667",5,
11275,0,"54.308977536667, 18.587542065",9,
11276,0,"54.316171068333, 18.590097396667",5,
11277,0,"54.326684105, 18.621323575",9,
11278,2,"54.330165845, 18.627059976667",5,"99314,98961"
11279,0,"54.327342968333, 18.595946511667",5,
11280,0,"54.356742535, 18.680948521667",5,
11281,0,"54.362643166667, 18.70802028",5,
11282,8,"54.343227265, 18.662456623333",5,"98759,98362,98202,99105,98959,98843,600342,600293"
11283,0,"54.352134818333, 18.645499025",5,
11284,1,"54.360692393333, 18.710855766667",9,98130
11285,0,"54.36127551, 18.715441715",9,
11286,0,"54.34399427, 18.647018715",9,
11287,1,"54.35229168, 18.672116753333",5,98444
11288,0,"54.345786776667, 18.648188325",5,
11289,0,"54.34791488, 18.66991187",5,
11290,0,"54.344305858333, 18.655142543333",5,
11291,6,"54.366357098333, 18.626707703333",5,"98729,98345,98254,98895,98881,98797"
11292,0,"54.351073348333, 18.52995795",5,
11293,0,"54.350419615, 18.509346541667",5,
11294,1,"54.338864945, 18.50783678",5,99045
11295,0,"54.35112783, 18.533100801667",5,
11296,0,"54.352721085, 18.513293673333",9,
11297,0,"54.352922715, 18.508746755",5,
11298,0,"54.334032493333, 18.616311803333",5,
11299,0,"54.338075523333, 18.606530858333",5,
11300,0,"54.342977031667, 18.611794095",5,
11301,0,"54.337224091667, 18.61257713",4,
11302,0,"54.338136471667, 18.610740635",5,
11303,0,"54.33706988, 18.603296548333",5,
11304,0,"54.330723953333, 18.605970123333",5,
11305,0,"54.354331816667, 18.650129085",5,
11306,0,"54.354815943333, 18.654711636667",5,
11307,8,"54.35778046, 18.647418126667",5,"98411,98138,99182,99019,98986,98975,98968,98880"
11308,0,"54.335711431667, 18.649194843333",5,
11309,0,"54.355723046667, 18.646015101667",9,
11310,7,"54.360368376667, 18.649761706667",5,"98454,98187,99173,98989,98812,600339,600294"
11311,4,"54.34999266, 18.660087475",5,"98478,98358,98142,600028"
11312,0,"54.355243061667, 18.646024606667",0,
11313,2,"54.347886861667, 18.665100011667",9,"98398,98887"
11315,0,"54.356759281667, 18.651838246667",5,
11316,0,"54.35522517, 18.656154625",5,
11317,1,"54.354305923333, 18.646315536667",5,98002
11318,1,"54.355882526667, 18.649021763333",9,98094
11319,7,"54.347299345, 18.660916973333",5,"98704,98210,98064,99007,98951,600252,600150"
11321,0,"54.362986551667, 18.62991283",5,
11322,2,"54.360749048333, 18.641117048333",0,"98726,98877"
11323,0,"54.353872396667, 18.633162311667",5,
11324,0,"54.401761326667, 18.576578405",0,
11325,0,"54.341870325, 18.62213015",5,
11326,0,"54.35435431, 18.642492996667",5,
11327,0,"54.356763216667, 18.639914895",5,
11328,1,"54.358026326667, 18.629765658333",5,98079
11329,0,"54.345249448333, 18.645905348333",9,
11330,3,"54.412980718333, 18.535128451667",9,"98530,98255,98838"
11331,1,"54.373233088333, 18.625645703333",9,98126
11332,2,"54.380031181667, 18.603654238333",9,"98536,600026"
11333,1,"54.388626481667, 18.581088028333",5,98274
11334,4,"54.398850843333, 18.568334145",9,"98553,98494,98156,99138,98977"
11335,1,"54.409582668333, 18.562392553333",5,600328
11336,0,"54.416165115, 18.586107521667",5,
11337,0,"54.394395405, 18.614246956667",5,
11338,1,"54.37350007, 18.615350783333",9,98837
11339,4,"54.366545936667, 18.620001168333",5,"98347,98847,98811,600101"
11340,2,"54.391187843333, 18.600725208333",5,"98602,99016"
11341,0,"54.348145255, 18.66868878",5,
11350,0,"54.338745207942, 18.618983365595",9,
11351,0,"54.358285816667, 18.687096385",0,
11352,1,"54.337887493333, 18.626820635",5,98118
11353,0,"54.357658651667, 18.683112508333",9,
11354,1,"54.349453388333, 18.674786388333",5,98462
11356,3,"54.390694563333, 18.642813093333",0,"98147,99106,10008"
11357,9,"54.386370083333, 18.636405995",0,"98474,98435,98238,98155,98021,99231,98875,10012"
11358,31,"54.402584233333, 18.571968081667",18,"98734,98688,98552,98525,98512,98489,98466,98464,98326,98313,98301,98280,98262,98214,98181,98157,98011,99216,99177,99066,99046,98969,98960,98912,98908,98904,98829,98823,98803,600039,600037"
11359,0,"54.358958768333, 18.578470655",0,
11360,0,"54.423847166667, 18.574098976667",5,
11361,0,"54.425867566667, 18.577789431667",9,
11362,1,"54.413228491667, 18.535163441667",0,98469
11363,2,"54.378069803333, 18.603740411667",0,"98420,600090"
11364,2,"54.387063846667, 18.592085296667",0,"98018,98997"
11365,14,"54.382945738333, 18.598488825",0,"98717,98709,98646,98067,98034,99240,99217,99191,99054,99052,98985,98933,98848,600129"
11366,0,"54.355147208333, 18.645072895",9,
11367,0,"54.381721838333, 18.606668006667",0,
11368,4,"54.361383428333, 18.650577261667",0,"98522,98382,98085,600241"
11154,1,"54.355359703333, 18.613666078333",9,98597
11210,3,"54.348236965, 18.60651593",5,"98376,98193,98884"
11211,2,"54.349255338333, 18.61321882",5,"98052,99222"
11212,0,"54.424573285, 18.477774301667",9,
11348,0,"54.342138795, 18.625918346667",5,
11342,1,"54.377334631667, 18.608644411667",9,600348
11344,0,"54.42991237, 18.469648623333",5,
11347,3,"54.340450041667, 18.657281911667",5,"98271,98211,98146"
11345,0,"54.391123071667, 18.60061309",5,
11346,1,"54.362620706667, 18.558648506667",5,98080
11343,0,"54.393483526667, 18.599381898333",4,
11349,1,"54.3515141, 18.640694673333",0,98373
0,1,"52.281422018229, 21.012503572591",0,600019
0,0,"54.402968888889, 18.681926666667",0,98092
0,1,"54.385195555556, 18.629997777778",0,98909
0,1,"54.334751111111, 18.69288",0,98721
0,1,"54.385115555556, 18.632066666667",0,98361
0,1,"54.390977777778, 18.653491111111",0,98318
0,1,"54.372808888889, 18.730195555556",0,99073
0,1,"54.302555555556, 18.635366666667",0,99025
0,1,"54.386942222222, 18.633045555556",0,99140
0,1,"54.386653333333, 18.633375555556",0,98117
0,1,"54.386684444444, 18.633264444444",0,98676
0,1,"54.385342222222, 18.630387777778",0,98265
0,1,"54.386373333333, 18.633187777778",0,98307
0,1,"54.404102222222, 18.573428888889",0,98170
0,1,"54.424266666667, 18.591346666667",0,99014
0,0,"54.356844444444, 18.685171111111",0,98450
0,1,"54.406191111111, 18.676733333333",0,99123
0,1,"54.254084444444, 18.678186666667",0,600142
0,1,"54.347257777778, 18.668955555556",0,98894
0,1,"54.376635555556, 18.62924",0,98260
0,1,"54.400355555556, 18.670308888889",0,98278
0,1,"54.325395555556, 18.654055555556",0,98953
0,1,"54.346111111111, 18.718086666667",0,98574
0,1,"54.386724444444, 18.633863333333",0,98268
0,1,"54.381715555556, 18.628018888889",0,99107
0,1,"54.350271111111, 18.661926666667",0,98314
0,1,"54.427835555556, 18.591924444444",0,98794
0,1,"54.386044444444, 18.632763333333",0,99028
0,1,"54.386417777778, 18.633911111111",0,98078
0,1,"54.38616, 18.63257",0,99032
0,1,"54.387035555556, 18.634068888889",0,98480
0,1,"54.390724444444, 18.637256666667",0,98839
0,1,"54.356337777778, 18.720715555556",0,99227
0,1,"54.410604444444, 18.602871111111",0,99204
0,1,"54.381942222222, 18.586406666667",0,600257
0,1,"54.386173333333, 18.632928888889",0,98648
0,1,"54.387231111111, 18.633516666667",0,98854
0,1,"54.422111111111, 18.468941111111",0,98549
0,1,"54.427595555556, 18.526441111111",0,99086
12000,4,"54.520252323333, 18.532201478333",15,"98742,98532,98507,98169"
12001,1,"54.507912368333, 18.536178311667",20,98148
12002,2,"54.46922833, 18.507924798333",23,"98695,98675"
12004,1,"54.520287661667, 18.529295375",15,98031
12005,0,"54.534724408333, 18.494318798333",6,
12003,0,"54.524362743333, 18.51763204",10,
12006,6,"54.492193861667, 18.538718085",20,"98527,98379,98225,98987,98805,98802"
12007,2,"54.49663118, 18.533519968333",10,"600304,600205"
12008,1,"54.476037991667, 18.55072848",0,98343
12009,2,"54.541235831667, 18.477931858333",11,"98624,99049"
12010,4,"54.545166536667, 18.463100815",0,"98488,98360,98205,98826"
12011,4,"54.549359846667, 18.44518596",15,"98630,98599,98149,600372"
12013,0,"54.473671061667, 18.484410436667",10,
12014,0,"54.464024688333, 18.487253615",6,
12015,3,"54.464718233333, 18.496876071667",10,"98327,98885,600297"
12016,0,"54.469777223333, 18.499841266667",10,
12017,0,"54.475762753333, 18.516336721667",5,
12018,0,"54.507986051667, 18.549145593333",5,
12019,7,"54.484739508333, 18.545981571667",15,"98505,98007,99198,99187,98963,98962,98819"
12020,0,"54.473917455, 18.499817931667",5,
12021,3,"54.507771986667, 18.534157078333",5,"98713,98432,98396"
12022,0,"54.509598776667, 18.53741219",5,
12023,1,"54.508373955, 18.544570766667",5,98749
12024,1,"54.50252488, 18.558589853333",0,98559
12025,0,"54.470636276667, 18.502239158333",5,
12026,1,"54.509015168333, 18.539044975",5,99128
12027,12,"54.48964458195, 18.55469584465",13,"98594,98516,98495,98184,98113,98016,99062,98955,98925,98860,98833,98810"
12028,0,"54.471900003333, 18.49611335",5,
12029,1,"54.481430988333, 18.531408808333",10,98849
12030,3,"54.489970728333, 18.545221718333",7,"98452,98097,99099"
12031,1,"54.473145741667, 18.55437606",5,98761
12032,0,"54.499009771667, 18.54921555",6,
12033,6,"54.480053403333, 18.563578985",10,"98567,98496,98164,99131,98917,600023"
12034,0,"54.49717096, 18.54161189",5,
12035,2,"54.494389393333, 18.552290876667",15,"98869,600238"
12036,0,"54.467799168333, 18.493356083333",6,
12037,0,"54.47369811, 18.49003852",5,
12038,3,"54.483536498333, 18.538175055",20,"98750,98564,98475"
12039,1,"54.519152343333, 18.542210423333",15,
12040,1,"54.511929661667, 18.532328561667",5,98814
12042,1,"54.52208112, 18.534892156667",10,99142
12043,2,"54.519761513333, 18.538789535",15,"98731,99100"
12044,0,"54.51475851, 18.531403895",10,
12045,2,"54.544729036667, 18.458442758333",0,98946
12046,6,"54.53269881, 18.517047113333",10,"98635,98380,98099,98857,98799,600332"
12047,4,"54.53272314, 18.546689768333",10,"98728,98647,600276,600171"
12048,1,"54.522292056667, 18.543043521667",10,99134
12049,0,"54.516571558333, 18.543420531667",5,
12050,0,"54.512503988333, 18.53751347",0,
12051,4,"54.516084001667, 18.53822114",5,"98582,99318,98957,98768"
12052,2,"54.518647403333, 18.558288278333",15,"98298,98189"
12053,1,"54.51633152, 18.548323465",5,98692
12054,1,"54.519603206667, 18.546876518333",11,98082
12055,0,"54.465521053333, 18.48257224",10,
12056,1,"54.467894288333, 18.487677698333",5,99121
12057,1,"54.471334221667, 18.49005394",10,98868
12058,2,"54.514886563333, 18.540173213333",10,"98879,98770"
12059,0,"54.526450995, 18.519073385",5,
12061,1,"54.54867723, 18.521985195",10,99237
12062,1,"54.562948908333, 18.481042885",11,98777
12063,5,"54.54302758, 18.465754575",5,"98725,98870,98783,600269,600162"
12064,0,"54.54915952, 18.530472305",13,
12065,1,"54.546263336667, 18.550519563333",6,99065
12066,3,"54.559217708333, 18.471917468333",5,"98259,98208,99139"
12067,1,"54.54908856, 18.547834406667",5,98378
12068,0,"54.542821008333, 18.547131646667",5,
12069,5,"54.543995571667, 18.453092893333",15,"98585,98242,98151,600215,600124"
12071,0,"54.528954118333, 18.503712728333",15,
12072,0,"54.49809221, 18.510333921667",9,
12073,0,"54.528259411667, 18.457494943333",5,
12075,0,"54.559120786667, 18.54889192",7,
12076,2,"54.577878436667, 18.538757365",10,"98751,98144"
12077,2,"54.546312985, 18.501584853333",10,"98557,98400"
12078,0,"54.58336569, 18.53873307",5,
12079,3,"54.559047256667, 18.48459083",5,"98531,98128,600067"
12080,1,"54.49698377, 18.537852351667",10,98273
12081,0,"54.518913578333, 18.51975433",5,
12082,0,"54.495312323333, 18.538430916667",6,
12083,1,"54.513388071667, 18.543932686667",10,98089
12084,0,"54.51954213, 18.527448091667",5,
12085,0,"54.51607692, 18.52517523",5,
12086,1,"54.500708493333, 18.4573807",10,98195
12087,1,"54.545926653333, 18.449115318333",5,99145
12088,2,"54.46700315, 18.463641876667",7,"98517,99202"
12089,0,"54.534111605, 18.44570279",9,
12090,1,"54.472231396667, 18.462249093333",10,98555
12092,1,"54.562937448333, 18.497028206667",5,98763
12093,4,"54.555914326667, 18.520191908333",6,"99124,99068,98866,98828"
12094,4,"54.48666374, 18.528705933333",10,"98669,98658,98876,600336"
12095,0,"54.531540093333, 18.482722873333",6,
12096,0,"54.470580725, 18.468034576667",10,
12097,3,"54.54159417, 18.460883983333",10,"98311,98244,600216"
12098,0,"54.52686253, 18.490524371667",5,
12099,1,"54.463677221667, 18.456462361667",5,98346
12100,0,"54.544786705, 18.439165253333",5,
12101,0,"54.498204088333, 18.497190371667",6,
12102,0,"54.529920645, 18.499922486667",5,
12103,0,"54.469885793333, 18.518507895",5,
12104,0,"54.546497623333, 18.46342374",9,
12105,0,"54.468648503333, 18.50954285",9,
12106,1,"54.554682528333, 18.492611888333",5,600079
12107,0,"54.500054191667, 18.471601028333",4,
12108,0,"54.499952313333, 18.514087388333",6,
12109,0,"54.537397985, 18.439578495",7,
12110,9,"54.491068328333, 18.537378355",10,"98523,98433,98428,98419,98392,98283,99126,98781,600380"
12111,1,"54.552615316667, 18.51510014",5,98899
12112,4,"54.550437846667, 18.486273925",5,"98046,99219,98988,98780"
12113,2,"54.455716535, 18.453396115",5,"98344,98207"
12114,2,"54.552313638333, 18.503305268333",5,"98888,600278"
12116,0,"54.484297825, 18.515841678333",5,
12117,0,"54.532975086667, 18.488105726667",10,
12120,0,"54.499516966667, 18.438162356667",5,
12122,0,"54.474212125, 18.461947913333",5,
12124,2,"54.542876595, 18.543480816667",15,"98277,98911"
12125,0,"54.553590701667, 18.52999836",15,
12126,4,"54.547280355, 18.472675073333",7,"98545,99064,98996,600363"
12127,0,"54.49168263, 18.514002528333",5,
12128,0,"54.547556271667, 18.435828486667",10,
12129,6,"54.559441553333, 18.510442633333",20,"98194,98109,99224,99083,98903,98785"
12130,1,"54.493023785, 18.434291735",6,"98437,98983"
12131,6,"54.473754698333, 18.465597103333",10,"98733,98403,98068,98058,98873,98774"
12132,1,"54.53811124, 18.49387309",5,98040
12133,0,"54.55299094, 18.509996368333",5,
12134,0,"54.538859518333, 18.47098881",8,
12136,2,"54.476630441667, 18.503652876667",7,"98547,98266"
12137,3,"54.550734611667, 18.536972376667",5,"98644,99039,600373"
12138,1,"54.550927166667, 18.506472618333",15,98168
12139,1,"54.496930835, 18.438354671667",5,99027
12140,1,"54.536316143333, 18.478688331667",9,600117
12141,0,"54.486555765, 18.428116603333",10,
12142,0,"54.494963178333, 18.508402155",6,
12143,0,"54.546473688333, 18.441729588333",10,
12144,0,"54.537636963333, 18.458387881667",0,
12145,0,"54.562559266667, 18.507063135",5,
12123,0,"54.526586503333, 18.51192864",15,
12115,0,"54.508363038333, 18.553728498333",15,
12121,5,"54.47821792, 18.54826869",5,"98604,98492,98083,98966,600043"
12118,1,"54.471560885, 18.45024551",10,98367
12135,0,"54.50980308, 18.519719315",5,
12070,1,"54.499387586667, 18.50501013",5,98132
12119,0,"54.561035691667, 18.493452546667",5,
12012,0,"54.502917305, 18.542155276667",10,
12074,0,"54.477626, 18.547034",6,
12060,0,"54.523593258333, 18.513033333333",5,
12091,1,"54.494705335, 18.542737068333",5,98091
0,0,"54.565648888889, 18.534692222222",0,99022
0,1,"54.488777777778, 18.53999",0,98995
0,1,"54.556404444444, 18.474157777778",0,98840
0,1,"54.514662222222, 18.523123333333",0,98203
0,1,"54.479328888889, 18.562268888889",0,98359
0,1,"54.540764444444, 18.458166666667",0,99239
0,1,"54.543577777778, 18.459932222222",0,600114
0,1,"54.561475555556, 18.475278888889",0,98477
0,1,"54.549013333333, 18.444166666667",0,98291
0,1,"54.490608888889, 18.536038888889",0,98601
0,1,"54.585871111111, 18.372303333333",0,98786
0,1,"54.556066666667, 18.446245555556",0,98800
0,1,"54.538173333333, 18.463397777778",0,99108
0,1,"54.496653333333, 18.536437777778",0,98990
0,1,"54.51072, 18.528886666667",0,98188
0,1,"54.531844444444, 18.496175555556",0,98426
0,1,"54.521786666667, 18.539155555556",0,99206
10107,1,"54.429891043333, 18.563263305",5,99313
10108,2,"54.43062174, 18.56161546",5,"98251,600118"
10112,1,"54.442144618333, 18.556969791667",5,600353
10115,1,"54.442975288333, 18.56317824",5,98748
10124,0,"54.444028411667, 18.56614844",5,
10101,0,"54.457281656667, 18.55307937",10,
10116,1,"54.440004978333, 18.564219498333",7,99035
10117,0,"54.439286018333, 18.563292943333",10,
10106,2,"54.430631346667, 18.565945478333",5,"98502,98220"
10102,0,"54.425871931667, 18.577790235",11,
10103,5,"54.430729138333, 18.586450133333",5,"98626,98607,98405,98219,98789"
10111,0,"54.439320798333, 18.546999601667",5,
10109,1,"54.433622303333, 18.56127717",5,98863
10105,2,"54.435063533333, 18.572117723333",5,"98100,99018"
10119,0,"54.438496613333, 18.572775446667",4,
10120,0,"54.442536076667, 18.570480396667",5,
10123,10,"54.445775086667, 18.568217013333",7,"98679,98629,98071,99317,99171,99141,99119,98984,98956,600105"
10122,1,"54.448735053333, 18.56223673",5,98323
10127,0,"54.458431016667, 18.547423491667",5,
10126,1,"54.457495816667, 18.534854196667",7,99080
10125,0,"54.454000675, 18.549058195",5,
10100,4,"54.445342555, 18.570929975",15,"98290,99210,99148,98804"
10110,2,"54.436376686667, 18.5518765",5,"99023,99020"
10113,0,"54.447747726667, 18.540744325",5,
10121,2,"54.453928215, 18.562558308333",4,"98288,98871"
10114,0,"54.440879733333, 18.561521411667",5,
10118,0,"54.43578246, 18.567116636667",5,
0,1,"54.440813333333, 18.576063333333",0,99050
10602,1,"54.335950485, 18.191221666667",10,98922
10604,7,"54.325970706667, 18.194469638333",10,"98705,98533,98325,98261,98191,98102,98022"
10603,2,"54.334370703333, 18.205929411667",20,"98305,98926"
10600,1,"54.333937211667, 18.195677961667",10,98390
10601,6,"54.3403723, 18.202248713333",10,"98237,99136,99078,98889,98861,98778"
10911,0,"54.345146388333, 17.893127953333",5,
10912,3,"54.349326325, 17.891066983333",5,"98730,98061,99060"
10910,4,"54.349958718333, 17.896648453333",10,"98561,98457,98787"
10931,0,"54.254651051667, 18.114388048333",8,
10930,4,"54.271876521667, 18.194925183333",7,"98213,98174,98943,98940"
10940,0,"54.213563363333, 18.038187096667",20,
10941,4,"54.209643536667, 17.956523946667",5,"98335,98121,98053,98048,98813"
10803,2,"54.789404415, 18.414551518333",5,"98618,98535"
10801,4,"54.794077963333, 18.409213526667",5,"98636,98620,98498,99137"
10802,1,"54.793952803333, 18.416331408333",10,98634
10800,5,"54.79343906, 18.398827391667",10,"98720,98685,98544,98391,98120"
10921,5,"54.342669981667, 18.359467066667",5,"98518,98414,99228,99087,98788"
10920,0,"54.343850916667, 18.363971205",15,
0,1,"54.342164444444, 18.359661111111",0,98501
10411,0,"54.257273788333, 18.65997955",5,
10410,1,"54.246678823333, 18.651351596667",5,98902
10413,2,"54.26444093, 18.669116898333",5,"98123,98075"
10414,0,"54.263569618333, 18.664558465",5,
10415,1,"54.261123246667, 18.6506991",5,98416
10400,1,"54.258446565, 18.645462423333",10,98342
10409,3,"54.258387058333, 18.647825748333",5,"98724,98605,98295"
10417,2,"54.27005691, 18.638262758333",5,"98611,99167"
10401,0,"54.267994145, 18.628157026667",10,
10416,1,"54.26248346, 18.636405828333",5,99235
10408,0,"54.261084151667, 18.638122143333",10,
10402,1,"54.260025318333, 18.633892806667",5,600172
10407,0,"54.254686281667, 18.636985605",5,
10404,0,"54.252578933333, 18.62875935",5,
10406,4,"54.249366756667, 18.637763428333",5,"98019,99040,98931,600126"
10405,2,"54.240790738333, 18.616627111667",15,"98548,98287"
10403,0,"54.2575777, 18.6330923",5,
10412,5,"54.260223173333, 18.673028353333",5,"98671,98119,98004,99212,600369"
0,1,"54.250746666667, 18.847846666667",0,65010
0,1,"54.250644444444, 18.847757777778",0,65008
0,1,"54.250097777778, 18.844055555556",0,65007
0,1,"54.250782222222, 18.847755555556",0,10015
0,1,"54.250746666667, 18.847631111111",0,10010
0,1,"54.25092, 18.847608888889",0,10011
0,1,"54.329893333333, 18.56502",0,98481
0,1,"54.265493333333, 18.661693333333",0,98965
10705,0,"54.722907926667, 18.410030478333",6,
10708,0,"54.712944536667, 18.420438805",5,
10710,0,"54.710417038333, 18.411692143333",5,
10709,0,"54.713977616667, 18.41573041",5,
10711,0,"54.7116719, 18.4033978",5,
10713,1,"54.709716665, 18.395806773333",6,99166
10701,0,"54.719447123333, 18.400183738333",5,
10712,1,"54.716764895, 18.403667743333",5,99098
10700,0,"54.716026386667, 18.408989731667",0,
10703,3,"54.7207236, 18.411477595",0,"98339,98140,98980"
10704,0,"54.720357535, 18.411526723333",0,
10702,1,"54.724541541667, 18.402744446667",0,98264
10706,1,"54.72114488, 18.418474245",0,98603
10707,0,"54.715234328333, 18.430428941667",0,
10506,1,"54.610878031667, 18.352867583333",5,98350
10504,4,"54.613878655, 18.333425388333",5,"98115,99315,99181,600184"
10502,0,"54.625992365, 18.352504665",5,
10501,3,"54.631511536667, 18.362147001667",5,"98684,98465,98767"
10503,0,"54.61587418, 18.345749585",5,
10513,0,"54.602332708333, 18.355711188333",5,
10514,0,"54.600066881667, 18.352086863333",5,
10512,0,"54.603340041667, 18.350600176667",3,
10515,0,"54.5974377, 18.3559649",5,
10516,1,"54.594800171667, 18.361170851667",5,98619
10507,0,"54.5967423, 18.344444553333",5,
10508,0,"54.59185226, 18.336109853333",5,
10505,0,"54.6043699, 18.318397285",5,
10510,0,"54.606802615, 18.363405395",5,
10511,0,"54.60504915, 18.35570927",10,
10509,0,"54.595512745, 18.352434455",5,
10500,0,"54.595304445, 18.353499201667",5,
10315,0,"54.562646298333, 18.385487013333",5,
10316,0,"54.565142996667, 18.392140025",5,
10314,1,"54.568657705, 18.386677668333",6,98399
10311,0,"54.574681713333, 18.387358743333",5,
10310,0,"54.577862516667, 18.39168809",5,
10309,0,"54.582224055, 18.386272798333",5,
10307,1,"54.577961603333, 18.40018586",5,99069
10312,0,"54.57382776, 18.395114161667",5,
10313,1,"54.569601063333, 18.39213912",5,98045
10317,2,"54.567401315, 18.39843853",5,"98063,99174"
10306,1,"54.575524521667, 18.408659425",5,98139
10308,1,"54.583678385, 18.395011498333",5,99203
10318,0,"54.573076083333, 18.40028323",5,
10305,1,"54.573514026667, 18.41569203",5,98947
10319,0,"54.567562185, 18.406560128333",5,
10304,1,"54.568027888333, 18.411894815",5,98286
10303,0,"54.566047615, 18.416716413333",5,
10302,0,"54.561234163333, 18.413607843333",5,
10322,4,"54.559673941667, 18.405220631667",8,"98406,98296,98967,98775"
10300,1,"54.56892846, 18.387888538333",11,98972
10301,2,"54.55855249, 18.405624806667",8,"99179,600113"
10320,1,"54.564122663333, 18.409986486667",5,98333
10321,0,"54.563284933333, 18.40528003",5,
0,1,"54.559226666667, 18.396888888889",0,98519
0,1,"54.577204444444, 18.384582222222",0,600173
0,1,"54.584982222222, 18.375212222222",0,98632
10219,0,"54.086912695, 18.795389788333",5,
10218,1,"54.08715189, 18.7995924",5,98660
10215,1,"54.077313826667, 18.800394825",5,99176
10216,1,"54.075110385, 18.806260128333",6,600123
10217,1,"54.082205858333, 18.802205963333",5,600236
10209,1,"54.067806816667, 18.767635643333",5,98176
10208,0,"54.073302643333, 18.774380168333",5,
10225,0,"54.096940748333, 18.781603295",6,98747
10223,1,"54.093616696667, 18.786204786667",5,98513
10224,1,"54.092936081667, 18.78166082",5,98699
10227,0,"54.09570198, 18.775407856667",5,
10210,0,"54.083722026667, 18.77735855",5,
10211,0,"54.088231153333, 18.782932221667",5,
10212,0,"54.088437856667, 18.787988501667",6,
10207,2,"54.088864335, 18.772352631667",5,"98689,600178"
10206,4,"54.089591621667, 18.76730608",6,"98638,98143,98830,600085"
10205,4,"54.091755251667, 18.762077423333",6,"98258,99213,600343,600053"
10204,0,"54.095628041667, 18.764960635",5,
10202,1,"54.098570031667, 18.764433921667",5,600062
10201,0,"54.100647778333, 18.772070535",6,
10226,0,"54.100765628333, 18.779696091667",5,
10200,10,"54.09633981, 18.789734361667",17,"98673,98328,98320,98249,98127,99129,99127,99116,98821,98779"
10222,0,"54.09589279, 18.793027873333",5,
10221,3,"54.102862035, 18.802870845",5,"98640,98246,98134"
10203,1,"54.09724756, 18.75979854",5,98023
10213,0,"54.085696055, 18.793359555",6,
10214,1,"54.077564525, 18.789435456667",5,98088
10220,2,"54.090678691667, 18.802415973333",6,"98183,98172"
0,1,"54.097768888889, 18.774895555556",0,98551
999993,0,"52.261177495785, 20.968099236488",0,
0,1,"52.281137777778, 21.010264444444",0,65014
0,1,"52.281318924695, 21.012656817492",0,600240
0,1,"52.260871111111, 20.969653333333",0,98107
0,1,"52.281142222222, 21.012848888889",0,600034
